PID,SID,OID,LLO,LCO,NAME_SI,NAME_TA,NAME_EN,MPA Code
62,1,2102,1-3-03-005,005,හොරේතුඩුව උතුර,ஹொரேதுடுவ வடக்கு,Horethuduwa North,670B
62,2,2103,1-3-03-010,010,හොරේතුඩුව,ஹொரேதுடுவ,Horethuduwa,670
62,3,2104,1-3-03-015,015,හොරේතුඩුව මැද,மத்திய ஹொரேதுடுவ,Horethuduwa Central,670C
62,4,2105,1-3-03-020,020,හොරේතුඩුව දකුණ,ஹொரதுடுவ தெற்கு,Horethuduwa South,670A
62,5,2106,1-3-03-025,025,ගොරකාන,கொரகாண,Gorakana,671
62,6,2107,1-3-03-030,030,ගොරකානදකුණ,கொரகாண தெற்கு,Gorakana South,671A
62,7,2108,1-3-03-035,035,පරත්ත බටහිර,பரத்த மேற்கு,Paratta West,672D
62,8,2109,1-3-03-040,040,පරත්ත,பரத்த,Paratta,672A
62,9,2110,1-3-03-045,045,දිග්ගල,திக்கல,Diggala,672B
62,10,2111,1-3-03-050,050,කෙසෙල්වත්ත,கெசெல்வத்த,Keselwatta,672
62,11,2112,1-3-03-055,055,සරික්කාමුල්ල,சரீக்காமுல்ல,Sarikkamulla,673
62,12,2113,1-3-03-060,060,හේනමුල්ල,ஹேணமுல்ல,Henamulla,673A
62,13,2114,1-3-03-065,065,වත්තල්පොල,வத்தல்பொல,Wattalpola,674A
62,14,2115,1-3-03-070,070,මීරියවත්ත,மீரியவத்த,Miriyawatta,672C
62,15,2116,1-3-03-075,075,තොටවත්ත,தொட்டவத்த,Thotawatta,675
62,16,2117,1-3-03-080,080,වේරවත්ත,வேரவத்த,Werawatta,674B
62,17,2118,1-3-03-085,085,පල්ලිමුල්ල,பல்லிமுல்ல,Pallimulla,673B
62,18,2119,1-3-03-090,090,ගොරකාපොල,கொரகாபொல,Gorakapola,674
62,19,2120,1-3-03-095,095,වලාන උතුර,வலாண வடக்கு,Walana North,679A
62,20,2121,1-3-03-100,100,අම්බලන්දූව,அம்பலந்தூவ,Ambalanduwa,675A
62,21,2122,1-3-03-105,105,ගල්තුඩේ උතුර,கல்துடே வடக்கு,Galthude North,677A
62,22,2123,1-3-03-110,110,ගල්තුඩේ,கல்துடே,Galthude,677
62,23,2124,1-3-03-115,115,හිරණ බටහිර,ஹிரண மேற்கு,Hirana West,676A
62,24,2125,1-3-03-120,120,හිරණ,ஹிரண,Hirana,676
62,25,2126,1-3-03-125,125,තන්තිරිමුල්ල නැගෙනහිර,தந்திரிமுல்ல கிழக்கு,Thanthirimulla East,681A
62,26,2127,1-3-03-130,130,තන්තිරිමුල්ල,தந்திரிமுல்ல,Thanthirimulla,681
62,27,2128,1-3-03-135,135,බෙක්කේගම,பெக்கெகம,Bekkegama,680
62,28,2129,1-3-03-140,140,වලාන දකුණ,வலாண தெற்கு,Walana South,679B
62,29,2130,1-3-03-145,145,වලාන,வலாண,Walana,679
62,30,2131,1-3-03-150,150,උඩහමුල්ල,உடகமுல்ல,Udahamulla,682
62,31,2132,1-3-03-155,155,පුංචිදෙණිය,புஞ்சிதெணிய,Punchideniya,682C
62,32,2133,1-3-03-160,160,මාලමුල්ල බටහිර,மாலமுல்ல மேற்கு,Malamulla West,684A
62,33,2134,1-3-03-165,165,කිරිබෙරිය,கிரிபெரிய,Kiriberiya,684B
62,34,2135,1-3-03-170,170,මාලමුල්ල,மாலமுல்ல,Malamulla,684
62,35,2136,1-3-03-175,175,කුරුප්පුමුල්ල,குருப்புமுல்ல,Kuruppumulla,682A
62,36,2137,1-3-03-180,180,ඇටඹගොඩ,எடம்பகொட,Atambagoda,682B
62,37,2138,1-3-03-185,185,උතුරු පට්ටිය,பட்டிய வடக்கு,Pattiya North,685
62,38,2139,1-3-03-190,190,කඩවීදිය උතුර,பசார் வடக்கு,Bazaar North,685A
62,39,2140,1-3-03-195,195,සාගර පෙදෙස,சாகர பிளேஸ்,Sagara Place,685D
62,40,2141,1-3-03-200,200,කඩවීදිය බටහිර,பசார் மேற்கு,Bazaar West,685C
62,41,2142,1-3-03-205,205,කඩවීදිය,பசார்,Bazaar,685B
62,42,2143,1-3-03-210,210,වලපල පට්ටිය,வலபால பட்டிய,Walapala Pattiya,683A
62,43,2144,1-3-03-215,215,වලපල,வலபால,Walapala,683
62,44,2145,1-3-03-220,220,එළුවිල,ஒலுவில,Eluwila,687B
62,45,2146,1-3-03-225,225,වැකඩ නැගෙනහිර,வேகட கிழக்கு,Wekada East,687A
62,46,2147,1-3-03-230,230,වැකඩ උතුර,வேகட வடக்கு,Wekada North,687C
62,47,2148,1-3-03-235,235,වැකඩ බටහිර,வேகட மேற்கு,Wekada West,687
62,48,2149,1-3-03-240,240,පට්ටිය,பட்டிய,Pattiya,686B
62,49,2150,1-3-03-245,245,උයන්කැලේ,உயண்கெலே,Uyankele,686A
62,50,2151,1-3-03-250,250,දකුණු පට්ටිය,பட்டிய தெற்கு,Pattiya South,686
62,51,2152,1-3-03-255,255,කළුදෑවල,களுதேவால,Kaludewala,689
62,52,2153,1-3-03-260,260,කළුදෑවලනැගෙනහිර,களுதேவால கிழக்கு,Kaludewala East,689B
62,53,2154,1-3-03-265,265,මොරවින්න,மோரவிண்ண,Morawinna,689A
62,54,2155,1-3-03-270,270,නල්ලුරුව උතුර,நல்லூருவ வடக்கு,Nalluruwa North,692A
62,55,2156,1-3-03-275,275,නල්ලුරුව,நல்லோருவ,Nalluruwa,692
62,56,2157,1-3-03-280,280,දිබ්බැද්ද,திப்பெத்த,Dibbedda,693
62,57,2158,1-3-03-285,285,දිබ්බැද්ද උතුර,திப்பெத்த வடக்கு,Dibbedda North,693A
62,58,2159,1-3-03-290,290,නාරම්පිටිය,நாரம்பிட்டிய,Narampitiya,696A
62,59,2160,1-3-03-295,295,පින්වත්ත,பிங்வத்த,Pinwatta,696
62,60,2161,1-3-03-300,300,පින්වත්තබටහිර,பின்வத்த மேற்கு,Pinwatta West,696B
62,61,2162,1-3-03-305,305,උතුරු තල්පිටිය,தல்பிடிய வடக்கு,Thalpitiya North,697
62,62,2163,1-3-03-310,310,දකුණු තල්පිටිය,தல்பிட்டிய தெற்கு,Thalpitiya South,697A
62,63,2164,1-3-03-315,315,පල්ලිමංකඩ,பல்லிமங்கட,Pallimankada,697B
62,64,2165,1-3-03-320,320,වාද්දුව බටහිර,வாத்துவமேற்கு,Wadduwa West,699
62,65,2166,1-3-03-325,325,වාද්දුව නැගෙනහිර,வாத்துவ கிழக்கு,Wadduwa East,698
62,66,2167,1-3-03-330,330,මහ වාද්දුව,மஹ வாத்துவ,Maha Wadduwa,698A
62,67,2168,1-3-03-335,335,පට්ටිඑළිය,பட்டிஎலிய,Pattieliya,702A
62,68,2169,1-3-03-340,340,කුඩා වාද්දුව,குடா வாத்துவ,Kuda Wadduwa,702
62,69,2170,1-3-03-345,345,වාද්දුව දකුණ,வாத்துவ தெற்கு,Wadduwa South,699A
62,70,2171,1-3-03-350,350,මොල්ලිගොඩ,மொல்லிகொட,Molligoda,704
62,71,2172,1-3-03-355,355,මොල්ලිගොඩඋතුර,மொல்லிகொட வடக்கு,Molligoda North,704A
62,72,2173,1-3-03-360,360,මොල්ලිගොඩ දකුණ,மொல்லிகொட தெற்கு,Molligoda South,704B
63,1,2174,1-3-06-005,005,කිදෙල්පිටිය බටහිර,கிதெல்பிட்டிய மேற்கு,Kidelpitiya West,669
63,2,2175,1-3-06-010,010,කිදෙල්පිටිය නැගෙනහිර,கிதெல்பிட்டிய கிழக்கு,Kidelpitiya East,669A
63,3,2176,1-3-06-015,015,සේනපුර,சேணபுர,Senapura,669C
63,4,2177,1-3-06-020,020,නිව්ඩාව,நிவ்டாவ,Newdawa,678B
63,5,2178,1-3-06-025,025,අලුත්ගම,அளுத்கம,Aluthgama,668
63,6,2179,1-3-06-030,030,ඇලෝතියාව,எலொதியாவ,Elothiyawa,668B
63,7,2180,1-3-06-035,035,වල්ගම දකුණ,வல்கம வடக்கு,Walgama North,667B
63,8,2181,1-3-06-040,040,රේරුකාන,ரேருக்கண,Rerukana,667A
63,9,2182,1-3-06-045,045,සමරනායකපුර,சமரநாயக்கபுர,Samaranayakapura,667C
63,10,2183,1-3-06-050,050,කොතලාවල,கொத்தலாவல,Kothalawala,661A
63,11,2184,1-3-06-055,055,වීදාගම නැගෙනහිර,வீதகம கிழக்கு,Veedagama East,664
63,12,2185,1-3-06-060,060,වල්ගම දකුණ,வல்கம தெற்கு,Walgama South,667D
63,13,2186,1-3-06-065,065,ගම්මන්පිල,கம்மண்பில,Gammanpila,667
63,14,2187,1-3-06-070,070,මැදගම,மெதகம,Medagama,668A
63,15,2188,1-3-06-075,075,අළුබෝමුල්ල නැගෙනහිර,அளுபோமுல்ல கிழக்கு,Alubomulla East,691
63,16,2189,1-3-06-080,080,කුඩා අරුග්ගොඩ නැගෙනහිර,குடா அருக்கொட கிழக்கு,Kuda Aruggoda East,678A
63,17,2190,1-3-06-085,085,මහ අරුග්ගොඩ,மஹ அருக்கொட,Maha Aruggoda,678
63,18,2191,1-3-06-090,090,කුඩා අරුග්ගොඩ බටහිර,குடா அருக்கொட மேற்கு,Kuda Aruggoda West,678C
63,19,2192,1-3-06-095,095,බටදොඹතුඩුව,பட்டதொபதுடுவ,Batadombathuduwa,691B
63,20,2193,1-3-06-100,100,මිරිස්වත්ත,மிரிஸ்வத்த,Miriswatta,690B
63,21,2194,1-3-06-105,105,වඳුරුමුල්ල බටහිර,வந்துரமுல்ல மேற்கு,Wanduramulla West,688B
63,22,2195,1-3-06-110,110,පින්වල නැගෙනහිර,பின்வல கிழக்கு,Pinwala East,688
63,23,2196,1-3-06-115,115,පින්වල බටහිර,பிண்வள மேற்கு,Pinwala West,688A
63,24,2197,1-3-06-120,120,වඳුරුමුල්ල නැගෙනහිර,வந்துராமுல்ல கிழக்கு,Wanduramulla East,688C
63,25,2198,1-3-06-125,125,මහවිල,மஹவில,Mahavila,690
63,26,2199,1-3-06-130,130,පමුණුගම,பமுணுகம,Pamunugama,694
63,27,2200,1-3-06-135,135,අලුබෝමුල්ල බටහිර,அளுபோமுல்ல மேற்கு,Alubomulla West,691A
63,28,2201,1-3-06-140,140,රඹුක්කන උතුර,ரம்புக்கண வடக்கு,Rambukkana North,665
63,29,2202,1-3-06-145,145,කඹුරුගොඩ බටහිර,கம்புருகொட மேற்கு,Kamburugoda West,666A
63,30,2203,1-3-06-150,150,කඹුරුගොඩ නැගෙනහිර,கம்புருகொட கிழக்கு,Kamburugoda East,666
63,31,2204,1-3-06-155,155,වීදාගම බටහිර,வீதகமமேற்கு,Veedagama West,664A
63,32,2205,1-3-06-160,160,ගැලනිගම,கலணிகம,Gelanigama,661
63,33,2206,1-3-06-165,165,රයිගම දකුණ,ரய்கம தெற்கு,Raigama South,656
63,34,2207,1-3-06-170,170,රයිගම බටහිර,ரய்கம மேற்கு,Raigama West,656C
63,35,2208,1-3-06-175,175,රයිගම නැගෙනහිර,ரய்கம கிழக்கு,Raigama East,656B
63,36,2209,1-3-06-180,180,රයිගම උතුර,ரய்கம வடக்கு,Raigama North,656A
63,37,2210,1-3-06-185,185,කොළමැදිරිය උතුර,கொலமெதிரிய வடக்கு,Kolamediriya North,657A
63,38,2211,1-3-06-190,190,බණ්ඩාරගම නැගෙනහිර,பண்டாரகம கிழக்கு,Bandaragama East,663A
63,39,2212,1-3-06-195,195,බණ්ඩාරගම,பண்டாரகம,Bandaragama,663
63,40,2213,1-3-06-200,200,රඹුක්කන දකුණ,ரம்புக்கண தெற்கு,Rambukkana South,665A
63,41,2214,1-3-06-205,205,බොල්ගොඩ,பொல்கொட,Bolgoda,665B
63,42,2215,1-3-06-210,210,මහබෙල්ලන,மஹபெல்லண,Mahabellana,695
63,43,2216,1-3-06-215,215,ඉබුල්ලිහ,இபுல்லிக,Ibulliha,694A
63,44,2217,1-3-06-220,220,දිගනතුඩුව,திகணதுடுவ,Diganathuduwa,694B
63,45,2218,1-3-06-225,225,මාදුපිටිය,மாதுபிட்டிய,Madupitiya,690A
63,46,2219,1-3-06-230,230,මහවත්ත,மஹவத்த,Mahawatta,695A
63,47,2220,1-3-06-235,235,බණ්ඩාරගම බටහිර,பண்டாரகம மேற்கு,Bandaragama West,663B
63,48,2221,1-3-06-240,240,යටියන,யட்டியண,Yatiyana,662A
63,49,2222,1-3-06-245,245,වෑවිට,வேவிட்ட,Wevita,662
63,50,2223,1-3-06-250,250,අටලුගම නැගෙනහිර,அட்டளுகம கிழக்கு,Atulugama East,659
63,51,2224,1-3-06-255,255,පනාපේ,பணாபே,Panape,657
63,52,2225,1-3-06-260,260,ගල්ගේමණ්ඩිය,கல்கெமண்டிய,Galgemandiya,659D
63,53,2226,1-3-06-265,265,අටලුගම බටහිර,அட்டளுகம மேற்கு,Atulugama West,659A
63,54,2227,1-3-06-270,270,බමුණුමුල්ල (මුස්ලිම්),பமுணுமுல்ல (முஸ்லிம்),Bamunumulla (Muslim),659C
63,55,2228,1-3-06-275,275,බමුණුමුල්ල,பமுணுமுல்ல,Bamunumulla,660
63,56,2229,1-3-06-280,280,එපිටමුල්ල,எப்பிட்டமுல்ல,Epitamulla,660A
63,57,2230,1-3-06-285,285,කොරාවල,கோரவெல,Korawela,659B
63,58,2231,1-3-06-290,290,බෝගහවත්ත,போகஹவத்த,Bogahawatta,659E
63,59,2232,1-3-06-295,295,කිම්මන්තුඩුව,கிம்மந்துடுவ,Kimmanthudawa,658
64,1,2233,1-3-09-005,005,කොටිගම්ගොඩ,கொட்டிகங்கொட,Kotigamgoda,628B
64,2,2234,1-3-09-010,010,පහළ මිල්ලෑව උතුර,பஹல மில்லேவ வடக்கு,Pahala Millewa North,628C
64,3,2235,1-3-09-015,015,පහළ මිල්ලෑව දකුණ,பஹல மில்லேவ தெற்கு,Pahala Millewa South,628
64,4,2236,1-3-09-020,020,ඉහළ මිල්ලෑව උතුර,இஹல மில்லேவ வடக்கு,Ihala Millewa North,628A
64,5,2237,1-3-09-025,025,ඉහළ මිල්ලෑව දකුණ,இஹல மில்லேவ தெற்கு,Ihala Millewa South,628D
64,6,2238,1-3-09-030,030,තලගල නැගෙනහිර,தளகல கிழக்கு,Thalagala East,613C
64,7,2239,1-3-09-035,035,තලගල උතුර,தளகல வடக்கு,Thalagala North,613
64,8,2240,1-3-09-040,040,තලගල බටහිර,தளகல மேற்கு,Thalagala West,613B
64,9,2241,1-3-09-045,045,ඔලබොඩුව උතුර,ஒலபொடுவ வடக்கு,Olaboduwa North,605B
64,10,2242,1-3-09-050,050,කෝරලඉම,கொரலயிம,Koralaima,604A
64,11,2243,1-3-09-055,055,ගොඩිගමුව නැගෙනහිර,கொடிகமுவ கிழக்கு,Godigamuwa East,606B
64,12,2244,1-3-09-060,060,හාලපිටිය,ஹலபிட்டிய,Halapitiya,606C
64,13,2245,1-3-09-065,065,වැල්මිල්ල,வெல்மில்ல,Wellmilla,606A
64,14,2246,1-3-09-070,070,ගොඩිගමුව බටහිර,கொடிகமுவ மேற்கு,Godigamuwa West,606
64,15,2247,1-3-09-075,075,පලන්නෝරුව,பாலன்நொருவ,Palannoruwa,604
64,16,2248,1-3-09-080,080,ඔලබොඩුව දකුණ,ஒலபொடுவ தெற்கு,Olaboduwa South,605
64,17,2249,1-3-09-085,085,ඔලබොඩුව නැගෙනහිර,ஒலபொடுவ கிழக்கு,Olaboduwa East,605A
64,18,2250,1-3-09-090,090,තලගල දකුණ,தளகல தெற்கு,Thalagala South,613A
64,19,2251,1-3-09-095,095,පන්නිල,பண்ணில,Pannila,612B
64,20,2252,1-3-09-100,100,කහටපිටිය,கஹட்டபிட்டிய,Kahatapitiya,612
64,21,2253,1-3-09-105,105,උඩුව උතුර,உடுவ வடக்கு,Uduwa North,614
64,22,2254,1-3-09-110,110,කිදෙල්පිටිය,கிதெல்பிட்டிய,Kidelpitiya,629
64,23,2255,1-3-09-115,115,ගොරක්ගොඩ,கொரொக்கொட,Gorokgoda,630A
64,24,2256,1-3-09-120,120,දඹර,தம்பர,Dambara,630
64,25,2257,1-3-09-125,125,හාන්දුපැල්පොල,ஹந்துபெல்பொல,Handupelpola,631
64,26,2258,1-3-09-130,130,කුඩා උඩුව,குடா உடுவ,Kuda Uduwa,614C
64,27,2259,1-3-09-135,135,මහ උඩුව,மஹ உடுவ,Maha Uduwa,614B
64,28,2260,1-3-09-140,140,කනන්විල උතුර,கண்ணண்வில வடக்கு,Kananvila North,612A
64,29,2261,1-3-09-145,145,බටුවිට උතුර,படுவிட வடக்கு,Batuvita North,611
64,30,2262,1-3-09-150,150,කුඹුක නැගෙනහිර,கும்புக்க கிழக்கு,Kumbuka East,607
64,31,2263,1-3-09-155,155,කුඹුක දකුණ,கும்புக்க தெற்கு,Kumbuka South,607B
64,32,2264,1-3-09-160,160,කුඹුක උතුර,கும்புக்க வடக்கு,Kumbuka North,607C
64,33,2265,1-3-09-165,165,කුඹුක බටහිර,கும்புக்க மேற்கு,Kumbuka West,607A
64,34,2266,1-3-09-170,170,පොකුණුවිට,பொகுணுவிட்ட,Pokunuwita,608
64,35,2267,1-3-09-175,175,බටුවිට දකුණ,பட்டுவிட்ட தெற்கு,Batuvita South,611B
64,36,2268,1-3-09-180,180,මීමන,மீமண,Meemana,611A
64,37,2269,1-3-09-185,185,කනන්විළ දකුණ,கண்ணண்வில தெற்கு,Kananvila South,612C
64,38,2270,1-3-09-190,190,උඩුව දකුණ,உடுவ தெற்கு,Uduwa South,614A
64,39,2271,1-3-09-195,195,කිරිගලහේන,கிரிகலஹேண,Kirigalahena,617C
64,40,2272,1-3-09-200,200,මීවනපලාන බටහිර,மீவனபலான மேற்கு,Meewanapalana West,617B
64,41,2273,1-3-09-205,205,මීවනපලාන නැගෙනහිර,மீவணபலாண கிழக்கு,Meewanapalana East,617
64,42,2274,1-3-09-210,210,ගුරුගොඩ,குருகொட,Gurugoda,617A
64,43,2275,1-3-09-215,215,මුණගම නැගෙනහිර,முணகமகிழக்கு,Munagama East,616D
64,44,2276,1-3-09-220,220,මිදෙල්ලමුල්ලහේන,மித்தெல்லமுலஹேண,Midellamulahena,616E
64,45,2277,1-3-09-225,225,ඕවිටියාගල,ஓவிட்டியாகல,Ovitiyagala,616A
64,46,2278,1-3-09-230,230,අරමණාගොල්ල,அரமண்கொல்ல,Aramanagolla,610A
64,47,2279,1-3-09-235,235,වැරැල්ලහේන,வெருல்லஹேண,Werellahena,610B
64,48,2280,1-3-09-240,240,කුළුපන,குளுபண,Kulupana,610
64,49,2281,1-3-09-245,245,කනේවල,கணேவள,Kanewala,609
64,50,2282,1-3-09-250,250,හේනේගම,ஹேணெகம,Henegama,609A
64,51,2283,1-3-09-255,255,ගල්ඒදඬුගොඩ,கல்ஏதண்டுகொட,Galedandugoda,615C
64,52,2284,1-3-09-260,260,හොරණ උතුර,ஹொரணை வடக்கு,Horana North,615
64,53,2285,1-3-09-265,265,මුණගම බටහිර,முணகம மேற்கு,Munagama West,616
64,54,2286,1-3-09-270,270,දික්හේනගම,திக்ஹேணகம,Dikhenagama,616B
64,55,2287,1-3-09-275,275,නර්තනගල,நர்த்தணகல,Narthanagala,616C
64,56,2288,1-3-09-280,280,හොරණ දකුණ,ஹொரணை தெற்கு,Horana South,615A
64,57,2289,1-3-09-285,285,වෑවල බටහිර,வேவள மேற்கு,Wewala West,615F
64,58,2290,1-3-09-290,290,හල්තොටියාවත්ත,ஹல்தொட்டியவத்த,Halthotiyawatta,615D
64,59,2291,1-3-09-295,295,මාහේන,மாஹேண,Mahena,615B
64,60,2292,1-3-09-300,300,වෑවල නැගෙනහිර,வேவள கிழக்கு,Wewala East,615G
64,61,2293,1-3-09-305,305,හොරණ නැගෙනහිර,ஹொரணை கிழக்கு,Horana East,615E
65,1,2294,1-3-10-005,005,මෙනේරිගම,மினேரிகம,Menerigama,625A
65,2,2295,1-3-10-010,010,අරකාවිල,அரகாவில,Arakavila,625
65,3,2296,1-3-10-015,015,කඳනපිටිය,கந்தனபிடிய,Kandanapitiya,626
65,4,2297,1-3-10-020,020,කොටියාවත්ත,கொடியாவத்த,Kottiyawatta,626A
65,5,2298,1-3-10-025,025,කුරණ උතුර,குரண வடக்கு,Kurana North,627B
65,6,2299,1-3-10-030,030,කුරණ දකුණ,குரண தெற்கு,Kurana South,627
65,7,2300,1-3-10-035,035,කොටිගල,கொட்டிகல,Kotigala,627A
65,8,2301,1-3-10-040,040,හඳපාන්ගොඩ නැගෙනහිර,ஹந்தபாண்கொட கிழக்கு,Handapangoda East,623A
65,9,2302,1-3-10-045,045,හඳපාන්ගොඩ බටහිර,ஹந்தபாண்கொட மேற்கு,Handapangoda West,623B
65,10,2303,1-3-10-050,050,කැකුළාදොල,கெகுலதொல,Kekuladola,624A
65,11,2304,1-3-10-055,055,හඳපාන්ගොඩ දකුණ,ஹந்தபாண்கொட தெற்கு,Handapangoda South,623
65,12,2305,1-3-10-060,060,බටුගම්පොල,படுகம்பொல,Batugampola,624
65,13,2306,1-3-10-065,065,රයිගම්වත්ත,ரய்கம்வத்த,Raigamwatta,620B
65,14,2307,1-3-10-070,070,මහ ඉංගිරිය,மஹ இங்கிரிய,Maha Ingiriya,620G
65,15,2308,1-3-10-075,075,නම්බපාන,நாம்பபாண,Nambapana,619A
65,16,2309,1-3-10-080,080,ඌරුගල නැගෙනහිර,ஊருகல கிழக்கு,Urugala East,619
65,17,2310,1-3-10-085,085,ඉංගිරියනැගෙනහිර,இங்கிரிய கிழக்கு,Ingiriya East,620
65,18,2311,1-3-10-090,090,ඉංගිරියඋතුර,இங்கிரிய வடக்கு,Ingiriya North,620C
65,19,2312,1-3-10-095,095,නිමලගම,நிமலகம,Nimalagama,620D
65,20,2313,1-3-10-100,100,ඇදුරාගල,எதுராகல,Eduragala,620E
65,21,2314,1-3-10-105,105,මාපුටුගල,மாபுடுகல,Maputugala,621
65,22,2315,1-3-10-110,110,පැල්පිටිගොඩ,பெல்பிடிகொட,Pelpitigoda,622
65,23,2316,1-3-10-115,115,රත්මල්ගොඩ නැගෙනහිර,ரத்மல்கொட கிழக்கு,Rathmalgoda East,621A
65,24,2317,1-3-10-120,120,රත්මල්ගොඩබටහිර,ரத்மல்கொட மேற்கு,Rathmalgoda West,621B
65,25,2318,1-3-10-125,125,පෝරුවදණ්ඩ බටහිර,போறுவதண்ட மேற்கு,Poruwadanda West,618C
65,26,2319,1-3-10-130,130,පෝරුවදණ්ඩ නැගෙනහිර,போருவதண்ட கிழக்கு,Poruwadanda East,618A
65,27,2320,1-3-10-135,135,වගවත්ත,வகவத்த,Wagawatta,618
65,28,2321,1-3-10-140,140,කැකුළලිය,கெக்குலலிய,Kekulaliya,618B
65,29,2322,1-3-10-145,145,දොඹගස්කන්ද,தொம்பகஸ்கந்த,Dombagaskanda,620F
65,30,2323,1-3-10-150,150,ඉංගිරිය බටහිර,இங்கிரிய மேற்கு,Ingiriya West,620A
65,31,2324,1-3-10-155,155,ඌරුගල බටහිර,ஊறுகல மேற்கு,Urugala West,619B
66,1,2325,1-3-12-005,005,ඉහළ නාරගල,மேல்நாரகல,Ihala Naragala,813A
66,2,2326,1-3-12-010,010,කොබවක උතුර,கொபவக்க வடக்கு,Kobawaka North,813
66,3,2327,1-3-12-015,015,දිවලකඩ,திவலகட,Diwalakada,822B
66,4,2328,1-3-12-020,020,මීගහකුඹුර,மீகஹகும்புர,Meegahakumbura,822E
66,5,2329,1-3-12-025,025,යහලවත්ත,யஹலவத்த,Yahalawatta,822D
66,6,2330,1-3-12-030,030,බෝතලේගංගොඩ,போதலே கங்கொட,Bothale Gangoda,822C
66,7,2331,1-3-12-035,035,කෝන්ගස්තැන්න,கோங்கஸ்தென்ன,Kongasthenna,822F
66,8,2332,1-3-12-040,040,හල්වතුර,ஹல்வத்துர,Halwathura,822A
66,9,2333,1-3-12-045,045,අමරගෙදර උතුර,அமரகெதர வடக்கு,Amaragedara North,821E
66,10,2334,1-3-12-050,050,බෝතලේ,போதலே,Bothale,822
66,11,2335,1-3-12-055,055,බුලත්සිංහල උතුර,புளத்சிங்கள வடக்கு,Bulathsinhala North,821
66,12,2336,1-3-12-060,060,ඈගල්ඔය,எகல்ஓய,Egaloya,821D
66,13,2337,1-3-12-065,065,කොබවක දකුණ,கொபவக்க தெற்கு,Kobawaka South,813B
66,14,2338,1-3-12-070,070,ඉහළ නාරගල දකුණ,மேல் நாராகல தெற்கு,Ihala Naragala South,813C
66,15,2339,1-3-12-075,075,ගෝවින්න උතුර,கோவின்ன் வடக்கு,Govinna North,814
66,16,2340,1-3-12-080,080,පහළ නාරගල,கீழ் நாரகல,Pahala Naragala,812A
66,17,2341,1-3-12-085,085,දේවමුල්ල,தேவமுல்ல,Dewamulla,812
66,18,2342,1-3-12-090,090,ගෝවින්න දකුණ,கோவின்ன தெற்கு,Govinna South,814B
66,19,2343,1-3-12-095,095,රැටියල,ரெட்டியல,Ratiyala,814A
66,20,2344,1-3-12-100,100,ගලහේන,கலஹேண,Galahena,824H
66,21,2345,1-3-12-105,105,බුලත්සිංහල දකුණ,புளத்சிங்கள தெற்கு,Bulathsinhala South,821B
66,22,2346,1-3-12-110,110,බුලත්සිංහල,புளத்சிங்கள,Bulathsinhala,824B
66,23,2347,1-3-12-115,115,බුලත්සිංහලමධ්යම,மத்திய புளத்சிங்கள,Bulathsinhala Central,821F
66,24,2348,1-3-12-120,120,අමරගෙදර දකුණ,அமரகெதர தெற்கு,Amaragedara South,821C
66,25,2349,1-3-12-125,125,දෙල්මෑල්ල,தெல்மெல்ல,Delmella,821A
66,26,2350,1-3-12-130,130,උඩුගලකන්ද,உடுகலகந்த,Udugalakanda,821G
66,27,2351,1-3-12-135,135,නිග්ගහ,நிக்கஹ,Niggaha,823A
66,28,2352,1-3-12-140,140,යටගම්පිටිය,யட்டகம்பிட்டிய,Yatagampitiya,823
66,29,2353,1-3-12-145,145,කරල්දැක්ම,கரல்தெக்ம,Karaldekma,824F
66,30,2354,1-3-12-150,150,බුලත්සිංහලනැගෙනහිර,புளத்சிங்கள கிழக்கு,Bulathsinhala East,824E
66,31,2355,1-3-12-155,155,දම්පරාදුගොඩ,தம்பரதுகொட,Damparadugoda,824C
66,32,2356,1-3-12-160,160,පහළ වෙල්ගම,பஹல வெல்கம,Pahala Welgama,824
66,33,2357,1-3-12-165,165,බුලත්සිංහලබටහිර,புளத்சிங்கள மேற்கு,Bulathsinhala West,824G
66,34,2358,1-3-12-170,170,දීයකඩුව නැගෙනහිර,தீயகடுவ கிழக்கு,Deeyakaduwa East,820
66,35,2359,1-3-12-175,175,දීයකඩුව බටහිර,தீயகடுவ மேற்கு,Deeyakaduwa West,820A
66,36,2360,1-3-12-180,180,බෝගහවත්ත,போகஹவத்த,Bogahawatta,819D
66,37,2361,1-3-12-185,185,මහගම උතුර,மஹகமை வடக்கு,Mahagama North,819
66,38,2362,1-3-12-190,190,දෙමෝදර වත්ත,தெமோதரவத்த,Demodarawatta,819E
66,39,2363,1-3-12-195,195,තැන්නෙහේන,தென்னஹேன,Thennahena,824D
66,40,2364,1-3-12-200,200,ඉහළ වෙල්ගම,இஹல வெல்கம,Ihala Welgama,824A
66,41,2365,1-3-12-205,205,පරගොඩ බටහිර,பரகொட மேற்கு,Paragoda West,825C
66,42,2366,1-3-12-210,210,පරගොඩ නැගෙනහිර,பரகொட கிழக்கு,Paragoda East,825A
66,43,2367,1-3-12-215,215,මෝල්කාව,மோல்காவ,Molkawa,825
66,44,2368,1-3-12-220,220,ගලහිටිය,கலஹிட்டிய,Galahitiya,825B
66,45,2369,1-3-12-225,225,මහගම නැගෙනහිර,மஹகமை கிழக்கு,Mahagama East,819B
66,46,2370,1-3-12-230,230,පොලේගොඩ බටහිර,பொல்கொட மேற்கு,Polegoda West,819F
66,47,2371,1-3-12-235,235,මහගම බටහිර,மஹகமை மேற்கு,Mahagama West,819C
66,48,2372,1-3-12-240,240,පහළ කුඩලිගම,கீல் குடலிகம,Pahala Kudaligama,817A
66,49,2373,1-3-12-245,245,ඉහළ කුඩලිගම,மேல் குடலிகம,Ihala Kudaligama,817
66,50,2374,1-3-12-250,250,වේයන්ගල්ල බටහිර,வேயங்கல்லமேற்கு,Weyangalla West,818A
66,51,2375,1-3-12-255,255,වේයන්ගල්ල නැගෙනහිර,வேயங்கல்ல கிழக்கு,Weyangalla East,818
66,52,2376,1-3-12-260,260,මහගම දකුණ,மஹகமை தெற்கு,Mahagama South,819A
66,53,2377,1-3-12-265,265,මුදුන,முதுண,Muduna,819G
66,54,2378,1-3-12-270,270,ගමගෙවත්ත,கமகேவத்த,Gamagewatta,819H
67,1,2379,1-3-15-005,005,ඉළිඹ,இலிம்ப,Ilimba,632A
67,2,2380,1-3-15-010,010,කඳාන උතුර,கந்தாண வடக்கு,Kandana North,632
67,3,2381,1-3-15-015,015,කඳාන දකුණ,கந்தாண தெற்கு,Kandana South,632B
67,4,2382,1-3-15-020,020,එළවැල්ල,எலவெல்ல,Elawella,650E
67,5,2383,1-3-15-025,025,බැල්ලපිටිය බටහිර,பெல்லபிடிய மேற்கு,Bellapitiya West,650B
67,6,2384,1-3-15-030,030,මාහේන දකුණ,மாஹேண தெற்கு,Mahena South,650F
67,7,2385,1-3-15-035,035,බැල්ලපිටිය නැගෙනහිර,பெல்லபிடிய கிழக்கு,Bellapitiya East,650A
67,8,2386,1-3-15-040,040,වල්පිට,வல்பிடட,Walpita,633B
67,9,2387,1-3-15-045,045,වේරවත්ත,வேரவத்த,Werawatta,633
67,10,2388,1-3-15-050,050,පෙරමුණගම,பெரமுனகம,Peramunagama,650C
67,11,2389,1-3-15-055,055,වැලිකැටැල්ල,வெலிகெதெல்ல,Weliketella,650D
67,12,2390,1-3-15-060,060,රෙමුණ,ரெமுண,Remuna,650
67,13,2391,1-3-15-065,065,මහයාල නැගෙනහිර,மஹயாலகிழக்கு,Mahayala East,634
67,14,2392,1-3-15-070,070,කනන්විල,கணண்வில,Kananvila,633A
67,15,2393,1-3-15-075,075,මහයාල බටහිර,மஹயால மேற்கு,Mahayala West,634A
67,16,2394,1-3-15-080,080,හල්ලන්කන්ද,ஹல்லங்கந்த,Hallankanda,648B
67,17,2395,1-3-15-085,085,කූඩැල්ල,கூடெல்ல,Kudella,648A
67,18,2396,1-3-15-090,090,මදුරාවල නැගෙනහිර,மதுராவல கிழக்கு,Madurawala East,635
67,19,2397,1-3-15-095,095,කුඩායාල,குடாயால,Kudayala,636
67,20,2398,1-3-15-100,100,පහළ කරන්නාගොඩ,பஹல கரண்ணாகொட,Pahala Karannagoda,811A
67,21,2399,1-3-15-105,105,අඟුරුවාතොට,அங்குருவாதொட,Anguruwathota,637
67,22,2400,1-3-15-110,110,මදුරාවල බටහිර,மதுராவல மேற்கு,Madurawala West,636A
67,23,2401,1-3-15-115,115,කෙසෙල්හේනාව,கெசெல்ஹேணாவ,Keselhenawa,648
67,24,2402,1-3-15-120,120,කරන්නාගොඩ,கரண்ணாகொட,Karannagoda,811
67,25,2403,1-3-15-125,125,ඉහළ කරන්නාගොඩ,இஹல கரண்ணாகொட,Ihala Karannagoda,811B
67,26,2404,1-3-15-130,130,කටුහේන,கட்டுஹேண,Katuhena,815A
67,27,2405,1-3-15-135,135,වරකාගොඩ උතුර,வரகாகொட வடக்கு,Warakagoda North,816B
67,28,2406,1-3-15-140,140,වරකාගොඩ බටහිර,வரகாகொட மேற்கு,Warakagoda West,816A
67,29,2407,1-3-15-145,145,වරකාගොඩ දකුණ,வரகாகொட தெற்கு,Warakagoda South,816C
67,30,2408,1-3-15-150,150,වරකාගොඩ නැගෙනහිර,வரகாகொட கிழக்கு,Warakagoda East,816
67,31,2409,1-3-15-155,155,නාහල්ල,நாஹல்ல,Nahalla,815
67,32,2410,1-3-15-160,160,පහළගොඩ,பஹலகொட,Pahalagoda,815B
67,33,2411,1-3-15-165,165,ඉහළගොඩ,இஹலகொட,Ihalagoda,815C
68,1,2412,1-3-18-005,005,ගුංගමුව,குங்கமுவ,Gungamuwa,655
68,2,2413,1-3-18-010,010,බැල්ලන්තුඩාව,பெல்லண்துடுவ,Bellanthudawa,655A
68,3,2414,1-3-18-015,015,කෙලෙස්ගමුව,கெலெஸ்கமுவ,Kelesgamuwa,647B
68,4,2415,1-3-18-020,020,වැලිකල,வெலிகல,Welikala,654
68,5,2416,1-3-18-025,025,තිබ්බොටුගොඩ,திப்பொட்டுகொட,Thibbotugoda,654A
68,6,2417,1-3-18-030,030,ලෙනවර,லேணவர,Lenawara,647A
68,7,2418,1-3-18-035,035,හල්තොට,ஹல்தொட்ட,Haltota,647
68,8,2419,1-3-18-040,040,ලඟාන,லங்கண,Langana,646
68,9,2420,1-3-18-045,045,දෙල්දොරවත්ත,தெல்தொரவத்த,Deldorawatta,645B
68,10,2421,1-3-18-050,050,මිල්ලනිය,மி்ல்லணிய,Millaniya,645
68,11,2422,1-3-18-055,055,රද්දෙගොඩ,ரத்தெகொட,Raddegoda,644C
68,12,2423,1-3-18-060,060,දැල්කඩ,தெல்கட,Delkada,644A
68,13,2424,1-3-18-065,065,පරගස්තොට,பரகஸ்தொட,Paragasthota,644
68,14,2425,1-3-18-070,070,දික්හේන,திக்ஹேண,Dikhena,644B
68,15,2426,1-3-18-075,075,අරකගොඩ,அரக்ககொட,Arakagoda,645A
68,16,2427,1-3-18-080,080,කැන්නන්තුඩාව,கெண்ணந்துடாவ,Kennanthudawa,652
68,17,2428,1-3-18-085,085,මාවත්ගම,மாவத்தகம,Mawathgama,646A
68,18,2429,1-3-18-090,090,යාලගල,யாலகல,Yalagala,651
68,19,2430,1-3-18-095,095,ලබුගම,லபுகம,Labugama,653
68,20,2431,1-3-18-100,100,පෙතිගමුව උතුර,பெதிகமுவ வடக்கு,Pethigamuwa North,653B
68,21,2432,1-3-18-105,105,පෙතිගමුව දකුණ,பெதிகமுவ தெற்கு,Pethigamuwa South,653A
68,22,2433,1-3-18-110,110,වෙනිවැල්පිටිය,வெணிவெல்பிடிய,Weniwelpitiya,651A
68,23,2434,1-3-18-115,115,මිල්ලගස්පොල,மில்லகஸ்பொல,Millagaspola,651B
68,24,2435,1-3-18-120,120,බොරලැස්ස,பொரலெஸ்ஸ,Boralessa,652A
68,25,2436,1-3-18-125,125,පැල්පොල,பெல்பொல,Pelpola,643
68,26,2437,1-3-18-130,130,ඉඹුලහේන,இம்புலஹேண,Imbulahena,643B
68,27,2438,1-3-18-135,135,පුන්සිරිපුර,புன்சிரிபுர,Punsiripura,643A
68,28,2439,1-3-18-140,140,ගල්පාත බටහිර,கல்பாத்த மேற்கு,Galpatha West,642A
68,29,2440,1-3-18-145,145,ගල්පාත නැගෙනහිර,கல்பாத்த கிழக்கு,Galpatha East,642
68,30,2441,1-3-18-150,150,බටගොඩ,பட்டகொட,Batagoda,649
68,31,2442,1-3-18-155,155,මුල්කඩකන්ද,முல்கடகந்த,Mulkadakanda,649B
68,32,2443,1-3-18-160,160,අධිකාරිගොඩ,அதிகாரிகொட,Adhikarigoda,649C
68,33,2444,1-3-18-165,165,දොඹගොඩ,தொம்பகொட,Dombagoda,649A
68,34,2445,1-3-18-170,170,උඩුවර උතුර,உடுவர வடக்கு,Uduwara North,638B
68,35,2446,1-3-18-175,175,උඩුවර බටහිර,உடுவர மேற்கு,Uduwara West,638
68,36,2447,1-3-18-180,180,උඩුවර නැගෙනහිර,உடுவர கிழக்கு,Uduwara East,638A
68,37,2448,1-3-18-185,185,උඩුවර දකුණ,உடுவர தெற்கு,Uduwara South,638C
68,38,2449,1-3-18-190,190,පාතකඩ,பாதகட,Pathakada,639
68,39,2450,1-3-18-195,195,පනාගොඩ,பனாகொட,Panagoda,641
68,40,2451,1-3-18-200,200,යටවර දකුණ,யட்டவரதெற்கு,Yatawara South,640A
68,41,2452,1-3-18-205,205,මහදුරුපිටිය,மஹதுருபிடிய,Mahadurupitiya,639B
68,42,2453,1-3-18-210,210,දෙල්ගොඩ,தெல்கொட,Delgoda,639A
68,43,2454,1-3-18-215,215,යටවර උතුර,யட்டவர வடக்கு,Yatawara North,640
68,44,2455,1-3-18-220,220,බේගමුව තලහිටිය,பேகமுவ தலஹிடிய,Begamuwa Thalahitiya,640B
69,1,2456,1-3-21-005,005,මැස්ටිය,மெஸ்டிய,Mestiya,700
69,2,2457,1-3-21-010,010,මහ ගෝනදූව,மஹா கொணதூவ,Maha Gonadoowa,701
69,3,2458,1-3-21-015,015,කුඩා ගෝනදූව,குடா கொணதூவ,Kuda Gonadoowa,701A
69,4,2459,1-3-21-020,020,මොරොන්තුඩුව උතුර,மொரொண்துடுவ வடக்கு,Moronthuduwa North,706
69,5,2460,1-3-21-025,025,මාවල,மாவள,Mawala,705B
69,6,2461,1-3-21-030,030,මැලෑගම උතුර,மெலேகம வடக்கு,Melegama North,703
69,7,2462,1-3-21-035,035,මැලෑගම දකුණ,மெலேகம தெற்கு,Melegama South,703B
69,8,2463,1-3-21-040,040,හබරලගහලන්ද,ஹபரலகஹலந்த,Habaralagahalanda,703A
69,9,2464,1-3-21-045,045,පොහොද්දරමුල්ල බටහිර,பொஹொத்தரமுல்ல மேற்கு,Pohoddaramulla West,707A
69,10,2465,1-3-21-050,050,පොහොද්දරමුල්ල නැගෙනහිර,பொஹொத்தரமுல்ல கிழக்கு,Pohoddaramulla East,707
69,11,2466,1-3-21-055,055,පොතුපිටිය නැගෙනහිර,பொதுபிட்டியகிழக்கு,Pothupitiya East,708B
69,12,2467,1-3-21-060,060,මාවල දකුණ,மாவள தெற்கு,Mawala South,705A
69,13,2468,1-3-21-065,065,මහරැක්ම,மஹரெக்ம,Maharekma,705
69,14,2469,1-3-21-070,070,නාන්දූව,நாந்தூவ,Nandoowa,706A
69,15,2470,1-3-21-075,075,මොරොන්තුඩුව දකුණ,மொரொண்துடுவ தெற்கு,Moronthuduwa South,706B
69,16,2471,1-3-21-080,080,කලපුගම,களபுகம,Kalapugama,709
69,17,2472,1-3-21-085,085,කලපුගම බටහිර,களபுகம மேற்கு,Kalapugama West,709C
69,18,2473,1-3-21-090,090,අරියගම,ஆரியகம,Ariyagama,709D
69,19,2474,1-3-21-095,095,දෙල්දූව,தெல்தூவ,Deldoowa,709A
69,20,2475,1-3-21-100,100,නුගගොඩ,நுககொட,Nugagoda,709B
69,21,2476,1-3-21-105,105,පොතුපිටිය දකුණ,பொதுபிட்டிய தெற்கு,Pothupitiya South,708A
69,22,2477,1-3-21-110,110,පොතුපිටිය උතුර,பொதுபிட்டிய வடக்கு,Pothupitiya North,708
69,23,2478,1-3-21-115,115,පොතුපිටිය බටහිර,பொதுபிட்டிய மேற்கு,Pothupitiya West,708C
69,24,2479,1-3-21-120,120,මැද පොතුපිටිය,மஹா பொதுபிட்டிய,Meda Pothupitiya,708D
69,25,2480,1-3-21-125,125,කුඩා වස්කඩුව බටහිර,குடா வஸ்கடுவ மேற்கு,Kuda Waskaduwa West,710B
69,26,2481,1-3-21-130,130,කුඩා වස්කඩුව උතුර,குடா வஸ்கடுவ வடக்கு,Kuda Waskaduwa North,710
69,27,2482,1-3-21-135,135,කුඩා වස්කඩුව නැගෙනහිර,குடா வஸ்கடுவ கிழக்கு,Kuda Waskaduwa East,710C
69,28,2483,1-3-21-140,140,කපුහේන,கபுஹேண,Kapuhena,715A
69,29,2484,1-3-21-145,145,උස්ගොඩැල්ල,உஸ்கொடெல்ல,Usgodella,711C
69,30,2485,1-3-21-150,150,පනාපිටිය උතුර,பணாபிட்டிய வடக்கு,Panapitiya North,711B
69,31,2486,1-3-21-155,155,පරදූව,பரதூவ,Paradoowa,712
69,32,2487,1-3-21-160,160,දොඩම්මුල්ල,தொடம்முல்ல,Dodammulla,713A
69,33,2488,1-3-21-165,165,දියගම,தியகம,Diyagama,713
69,34,2489,1-3-21-170,170,පනාපිටිය දකුණ,பணாபிட்டிய தெற்கு,Panapitiya South,711
69,35,2490,1-3-21-175,175,රන්නුන්ගල,ரண்ணுங்கல,Rannungala,711A
69,36,2491,1-3-21-180,180,උක්ගල්බඩ බටහිර,உக்கல்பட மேற்கு,Uggalbada West,716A
69,37,2492,1-3-21-185,185,දෙදියවල,தெதியவள,Dediyawala,715
69,38,2493,1-3-21-190,190,කුඩා වස්කඩුව දකුණ,குடா வஸ்கடுவ தெற்கு,Kuda Waskaduwa South,710A
69,39,2494,1-3-21-195,195,මහ වස්කඩුව දකුණ,மஹாவஸ்கடுவ தெற்கு,Mahawaskaduwa South,714
69,40,2495,1-3-21-200,200,මහ වස්කඩුව උතුර,மஹாவஸ்கடுவ வடக்கு,Mahawaskaduwa North,714A
69,41,2496,1-3-21-205,205,විලේගොඩ උතුර,விலேகொடவடக்கு,Vilegoda North,718C
69,42,2497,1-3-21-210,210,මල්වත්ත,மல்வத்த,Malwatta,718D
69,43,2498,1-3-21-215,215,විජේරත්නවත්ත,விஜேரத்ணவத்த,Wijerathnawatta,716B
69,44,2499,1-3-21-220,220,උග්ගල්බඩ නැගෙනහිර,உக்கல்பட கிழக்கு,Uggalbada East,716
69,45,2500,1-3-21-225,225,තේක්කවත්ත,தேக்கவத்த,Thekkawatta,723F
69,46,2501,1-3-21-230,230,ජාවත්ත,ஜாவத்த,Jawatta,718A
69,47,2502,1-3-21-235,235,බොට්නික්වත්ත,பொட்நிக்வத்த,Botnikwatta,718B
69,48,2503,1-3-21-240,240,කළුතර උතුර,களுத்துரை வடக்கு,Kaluthara North,717
69,49,2504,1-3-21-245,245,දේශාස්ත්ර කළුතර,தேஷாஷ்திர களுத்துரை,Deshasthra Kalutara,717A
69,50,2505,1-3-21-250,250,දේශාස්ත්ර කළුතර බටහිර,தேஷாஷ்த்ர களுத்துரை மேற்கு,Deshasthra Kalutara West,717D
69,51,2506,1-3-21-255,255,විද්යාසාර,வித்யாசர,Vidyasara,717C
69,52,2507,1-3-21-260,260,තොටුපල,தொட்டுபல,Thotupala,717B
69,53,2508,1-3-21-265,265,එතනමඩල,எதணமடல,Ethanamadala,718
69,54,2509,1-3-21-270,270,පලාතොට,பலாதொட்ட,Palathota,723E
69,55,2510,1-3-21-275,275,වේලාපුර,வேலாபுர,Welapura,725B
69,56,2511,1-3-21-280,280,කළුතර දකුණ,களுத்துரை தெற்கு,Kalutara South,725
69,57,2512,1-3-21-285,285,කුඩා හීනටියන්ගල,குடா ஹீணட்டியங்கல,Kuda Heenatiyangala,727B
69,58,2513,1-3-21-290,290,ඉලුක්වත්ත,இலுக்வத்த,Ilukwatta,723B
69,59,2514,1-3-21-295,295,වෙලේගොඩ දකුණ,விலேகொட தெற்கு,Vilegoda South,723D
69,60,2515,1-3-21-300,300,ගොඩපරගහහේන,கொடபரகஹஹேண,Godaparagahahena,723C
69,61,2516,1-3-21-305,305,කිතුල්වල,கிதுலாவ,Kithulawa,723
69,62,2517,1-3-21-310,310,අල්විස්වත්ත,அல்விஸ்வத்த,Alwiswatta,723A
69,63,2518,1-3-21-315,315,ඇටවිල,எடவில,Etavila,727A
69,64,2519,1-3-21-320,320,අක්කරගොඩ,அக்கரகொட,Akkaragoda,727E
69,65,2520,1-3-21-325,325,මහවත්ත,மஹவத்த,Mahawatta,727
69,66,2521,1-3-21-330,330,කළුතර දකුණ ඒ,களுத்துரை தெற்கு A,Kalutara South A,725A
69,67,2522,1-3-21-335,335,කලපුව,களபுவ,Kalapuwa,730A
69,68,2523,1-3-21-340,340,වෙට්ටුමකඩ,வெட்டுமகட,Wettumakada,730
69,69,2524,1-3-21-345,345,කුරුඳුවත්ත,குருந்துவத்த,Kurunduwatta,727C
69,70,2525,1-3-21-350,350,මහ හීනැටියන්ගල,மஹா ஹீணடியங்கல,Maha Heenatiyangala,727D
69,71,2526,1-3-21-355,355,වත්තමුල්ල,வத்தமுல்ல,Wattamulla,727F
69,72,2527,1-3-21-360,360,අලුබෝගහලන්ද,அளுபோகஹலந்த,Alubogahalanda,729A
69,73,2528,1-3-21-365,365,රජවත්ත අලුත් කොටස,ரஜவத்த அளுத் கொடஸ,Rajawatta Aluth Kotasa,729G
69,74,2529,1-3-21-370,370,රජවත්ත පරණ කොටස,ரஜவத்த பரண கொடஸ,Rajawatta Parana Kotasa,729H
69,75,2530,1-3-21-375,375,පුලර්ටන්,புலர்றண்,Pulartan,729C
69,76,2531,1-3-21-380,380,උස්වත්ත,உஸ்வத்த,Uswatta,729F
69,77,2532,1-3-21-385,385,කටුකුරුන්ද,கடுகுருந்த,Katukurunda,730B
69,78,2533,1-3-21-390,390,කලමුල්ල උතුර,கலாமுல்ல வடக்கு,Kalamulla North,731
69,79,2534,1-3-21-395,395,නාගොඩ බටහිර,நாகொட மேற்கு,Nagoda West,729B
69,80,2535,1-3-21-400,400,කජුදූවවත්ත,கஜுதூவவத்த,Kajudoowawatta,729E
69,81,2536,1-3-21-405,405,නාගොඩ දකුණ,நாகொட தெற்கு,Nagoda South,729
69,82,2537,1-3-21-410,410,වෙනිවැල්කැටිය,வெணிவெல்கெட்டிய,Weniwelketiya,729I
69,83,2538,1-3-21-415,415,ගල්ලැස්ස,கல்லெஸ்ஸ,Gallassa,729D
69,84,2539,1-3-21-420,420,කලමුල්ල නැගෙනහිර,கலாமுல்ல கிழக்கு,Kalamulla East,731B
69,85,2540,1-3-21-425,425,කලමුල්ලදකුණ,கலாமுல்ல தெற்கு,Kalamulla South,731A
69,86,2541,1-3-21-430,430,ඈතගම බටහිර,எதாகம மேற்கு,Ethagama West,732A
69,87,2542,1-3-21-435,435,ඈතගම නැගෙනහිර,எதாகம கிழக்கு,Ethagama East,732
70,1,2543,1-3-24-005,005,කුඩා පයාගල උතුර,குடா பயாகல வடக்கு,Kuda Paiyagala North,734
70,2,2544,1-3-24-010,010,මැහිමුල්ල,மெஹிமுல்ல,Mehimulla,733B
70,3,2545,1-3-24-015,015,පඹේ,பம்பே,Pambe,733A
70,4,2546,1-3-24-020,020,හිරිගල්ගොඩැල්ල,ஹிரிகல்கொடெல்ல,Hirigalgodella,737A
70,5,2547,1-3-24-025,025,මලේගොඩ,மலேகொட,Malegoda,733
70,6,2548,1-3-24-030,030,කුඩා පයාගල දකුණ,குடா பயாகல தெற்கு,Kuda Piyagala South,734A
70,7,2549,1-3-24-035,035,පයාගල උතුර,பயாகல வடக்கு,Payagala North,735A
70,8,2550,1-3-24-040,040,පිණිදියමුල්ල,பிணிதியமுல்ல,Pinidiyamulla,736
70,9,2551,1-3-24-045,045,විහාරකන්ද,விஹாரகந்த,Viharakanada,737
70,10,2552,1-3-24-050,050,පාලයන්ගොඩ,பாலயங்கொட,Palayangoda,738
70,11,2553,1-3-24-055,055,වේරගල,வேரகல,Weragala,738A
70,12,2554,1-3-24-060,060,කටුකුරුඳුගහලන්ද නැගෙනහිර,கட்டுகுருந்துகஹலந்த கிழக்கு,Katukurundugahalanda East,738B
70,13,2555,1-3-24-065,065,කටුකුරුඳුගහලන්ද බටහිර,கட்டுகுருந்துகஹலந்த மேற்கு,Katukurundugahalanda West,740B
70,14,2556,1-3-24-070,070,පොතුවිල නැගෙනහිර,பொத்துவில கிழக்கு,Pothuvila East,740
70,15,2557,1-3-24-075,075,මහගම්මැද්ද,மஹகம்மெத்த,Mahagammedda,739
70,16,2558,1-3-24-080,080,මහ පයාගල,மகா பயாகல,Maha Paiyagala,735
70,17,2559,1-3-24-085,085,පොතුවිල බටහිර,பொத்துவில் மேற்கு,Pothuvila West,740A
70,18,2560,1-3-24-090,090,මුණසිංහගොඩ,முணசிங்கஹகொட,Munasinghagoda,741A
70,19,2561,1-3-24-095,095,දියලගොඩ,தியலகொட,Diyalagoda,741
70,20,2562,1-3-24-100,100,කපුගොඩ,கபுகொட,Kapugoda,741B
70,21,2563,1-3-24-105,105,හල්කඳවිල,ஹல்கந்தவில,Halkandavila,744
70,22,2564,1-3-24-110,110,යොවුන්ගම,யொவுண்கம,Yovungama,744B
70,23,2565,1-3-24-115,115,දූවේගොඩ,தூவெகொட,Doowegoda,744A
70,24,2566,1-3-24-120,120,කැන්දගහවිල,கெந்தகஹவில,Kendagahavila,744C
70,25,2567,1-3-24-125,125,මුංහේන,முண்ஹேண,Munhena,745
70,26,2568,1-3-24-130,130,මග්ගොන නැගෙනහිර,மக்கொண கிழக்கு,Maggon East,743
70,27,2569,1-3-24-135,135,අක්කරමලේ,அக்கரமலே,Akkaramale,743A
70,28,2570,1-3-24-140,140,මග්ගොන බටහිර,மக்கொண மேற்கு,Maggona West,742
70,29,2571,1-3-24-145,145,ඉඳිරිලිගොඩ,இதிரிலிகொட,Idiriligoda,746
70,30,2572,1-3-24-150,150,කුඩා මාගල්කන්ද,குடா மாகல்கந்த,Kuda Magalkanda,746A
70,31,2573,1-3-24-155,155,මාගල්කන්ද උතුර,மாகல்கந்த வடக்கு,Magalkanda North,746B
70,32,2574,1-3-24-160,160,මාගල්කන්ද දකුණ,மாகல்கந்த தெற்கு,Magalkanda South,746C
70,33,2575,1-3-24-165,165,අක්කර අසූව,அக்கர 80,Akkara 80,745B
70,34,2576,1-3-24-170,170,බුබුලන්ද,புபுலந்த,Bubulanda,747B
70,35,2577,1-3-24-175,175,කදුරුගස්මුල්ල,கந்துருகஸ்முல்ல,Kadurugasmulla,745A
70,36,2578,1-3-24-180,180,බඳනාගොඩ,பந்தணாகொட,Bandanagoda,750A
70,37,2579,1-3-24-185,185,කාලවිලකන්ද,காலவிலகந்த,Kalavilakanda,750B
70,38,2580,1-3-24-190,190,වලතර,வலதர,Walathara,750
70,39,2581,1-3-24-195,195,පන්නිල,பண்ணில,Pannila,752A
70,40,2582,1-3-24-200,200,චීනකොටුව,சீனன்கோட்டை,Cheenakatuwa,751A
70,41,2583,1-3-24-205,205,අක්කරගොඩ,அக்கரகொட,Akkaragoda,751
70,42,2584,1-3-24-210,210,කරඳගොඩ,கரந்தகொட,Karandagoda,747
70,43,2585,1-3-24-215,215,මරක්කලවත්ත,மரக்கலவத்த,Marakkalawatta,747A
70,44,2586,1-3-24-220,220,පොල්කොටුව,பொல்கொடுவ,Polkotuwa,748
70,45,2587,1-3-24-225,225,පරණකඩේ,பரணகடே,Paranakade,753
70,46,2588,1-3-24-230,230,මරදාන,மரதானை,Maradana,754
70,47,2589,1-3-24-235,235,හෙට්ටියකන්ද,ஹெட்டியகந்த,Hettiyakanda,753A
70,48,2590,1-3-24-240,240,මස්සල්ගොඩ,மஸ்ஸல்கொட,Massalgoda,757
70,49,2591,1-3-24-245,245,කන්කාකම්ගොඩ,கங்காணம்கொட,Kankanamgoda,749
70,50,2592,1-3-24-250,250,අඹේපිටිය,அம்பேபிட்டிய,Ambepitiya,752
70,51,2593,1-3-24-255,255,පිංහේන,பிண்ஹேண,Pinhena,759
70,52,2594,1-3-24-260,260,පිංහේන ජනපදය,பிண்ஹேண குடியிருப்பு,Pinhena Colony,759B
70,53,2595,1-3-24-265,265,කාලවිල,தலவில,Kalavila,767
70,54,2596,1-3-24-270,270,මලෙවන්ගොඩ,மாலவங்கொட,Malewangoda,768B
70,55,2597,1-3-24-275,275,පාදාගොඩ,பாதகொட,Padagoda,768
70,56,2598,1-3-24-280,280,හෙට්ටිමුල්ල,ஹெட்டிமுல்ல,Hettimulla,758
70,57,2599,1-3-24-285,285,මහගොඩ,மஹகொட,Mahagoda,755
70,58,2600,1-3-24-290,290,මාලිගාහේන,மாலிகாஹேண,Maligahena,756
70,59,2601,1-3-24-295,295,මොරගල්ල,மொரகல்ல,Moragalla,760
70,60,2602,1-3-24-300,300,මුල්ලපිටිය,முல்லபிட்டிய,Mullapitiya,761
70,61,2603,1-3-24-305,305,ගම්මැද්ද,கம்மெத்த,Gammedda,762B
70,62,2604,1-3-24-310,310,කළුවාමෝදර උතුර,களுவாமோதர வடக்கு,Kaluwamodara North,762A
70,63,2605,1-3-24-315,315,ගල්හේන,கல்ஹேண,Galhena,759A
70,64,2606,1-3-24-320,320,අලකඳුපිටිය,அலக்கதுபிட்டிய,Alakadupitiya,766B
70,65,2607,1-3-24-325,325,වැලිපිටිය,வெலிபிட்டிய,Welipitiya,768A
70,66,2608,1-3-24-330,330,පතිරාජගොඩ,பத்திராஜகொட,Pathirajagoda,766C
70,67,2609,1-3-24-335,335,කාදියවත්ත,காதியவத்த,Kadiyawatta,766D
70,68,2610,1-3-24-340,340,මාලේවන,மாலேவண,Malewana,766F
70,69,2611,1-3-24-345,345,අධිකාරිගොඩ,அதிகாரிகொட,Adhikarigoda,766G
70,70,2612,1-3-24-350,350,නාකන්දලගොඩ,நாகந்தலகொட,Nakandalagoda,770A
70,71,2613,1-3-24-355,355,දන්වත්තගොඩ,தண்வத்தகொட,Danwattagoda,770B
70,72,2614,1-3-24-360,360,කොටපිටිය,கொட்டபிட்டிய,Kotapitiya,770
70,73,2615,1-3-24-365,365,වරාපිටිය,வராபிட்டிய,Warapitiya,769
70,74,2616,1-3-24-370,370,දර්ගා නගරය නැගෙනහිර,தர்கா நகர் கிழக்கு,Dharga Town East,766A
70,75,2617,1-3-24-375,375,ගඟ අද්දර,கங்க அத்தர,Ganga Addara,766E
70,76,2618,1-3-24-380,380,දර්ගා නගරය,தர்கா நகர்,Dharaga Town,766
70,77,2619,1-3-24-385,385,කළුවාමෝදර නැගෙනහිර,களுவாமோதர கிழக்கு,Kaluwamodara East,762C
70,78,2620,1-3-24-390,390,කළුවාමෝදර බටහිර,களுவாமோதர மேற்கு,Kaluwamodara West,762
70,79,2621,1-3-24-395,395,ගනේගම,கணேகம,Ganegama,763
70,80,2622,1-3-24-400,400,සීනවත්ත,சீணவத்த,Seenawatta,765A
70,81,2623,1-3-24-405,405,අළුත්ගම නැගෙනහිර,அளுத்கம கிழக்கு,Aluthgama East,765
70,82,2624,1-3-24-410,410,අළුත්ගම බටහිර,அளுத்கம மேற்கு,Aluthgama West,764
71,1,2625,1-3-27-005,005,කොහොලාන උතුර,கொஹொலாண வடக்கு,Koholana North,719B
71,2,2626,1-3-27-010,010,උක්වත්ත,உக்வத்த,Ukwatta,720
71,3,2627,1-3-27-015,015,බොලොස්සගම,பொலொஸ்ஸகம,Bolossagama,721
71,4,2628,1-3-27-020,020,රෙමුණගොඩ උතුර,ரெமுனகொட வடக்கு,Remunagoda North,726A
71,5,2629,1-3-27-025,025,පැලපිටියගොඩ,பெலபிட்டியாகொட தெற்கு,Pelapitiyagoda,810
71,6,2630,1-3-27-030,030,පැලපිටියගොඩ උතුර,பெலபிட்டியாகொட வடக்கு,Pelapitiyagoda North,810A
71,7,2631,1-3-27-035,035,පහළ නෑබොඩ,பஹல நேபட,Pahala Neboda,807B
71,8,2632,1-3-27-040,040,නෑබොඩ,நேபட,Neboda,807
71,9,2633,1-3-27-045,045,නෑබොඩ බටහිර,நேபட மேற்கு,Nebada West,807C
71,10,2634,1-3-27-050,050,තෙබුවන නැගෙනහිර,தெபுவண கிழக்கு,Thebuwana East,809
71,11,2635,1-3-27-055,055,තෙබුවන බටහිර,தெபுவண மேற்கு,Thebuwana West,809A
71,12,2636,1-3-27-060,060,රෙමුණගොඩ දකුණ,ரெமுணாகொட தெற்கு,Remunagoda South,726
71,13,2637,1-3-27-065,065,ගමගොඩ නැගෙනහිර,கமகொட கிழக்கு,Gamagoda East,724
71,14,2638,1-3-27-070,070,සේරුපිට නැගෙනහිර,சேருபிட்ட கிழக்கு,Serupita East,722A
71,15,2639,1-3-27-075,075,සේරුපිට බටහිර,சேருபிட்ட மேற்கு,Serupita West,722
71,16,2640,1-3-27-080,080,කොහොලාන දකුණ,கொகலாண தெற்கு,Koholana South,719
71,17,2641,1-3-27-085,085,අධිකාරිගොඩ,அதிகாரிகொட,Adhikarigoda,719A
71,18,2642,1-3-27-090,090,ගමගොඩ බටහිර,கமகொட மேற்கு,Gamagoda West,724A
71,19,2643,1-3-27-095,095,බෝඹුවල උතුර බටහිර,பொம்புவள வடக்கு-மேற்கு,Bombuwala North-West,728C
71,20,2644,1-3-27-100,100,බෝඹුවල උතුර මධ්යම,பொம்புவள வடக்கு-மத்திய,Bombuwala North-Central,728B
71,21,2645,1-3-27-105,105,බෝඹුවල උතුර නැගෙනහිර,பொம்புவள வடக்கு-கிழக்கு,Bombuwala North-East,728A
71,22,2646,1-3-27-110,110,බෝඹුවල දකුණ බටහිර,பொம்புவள தெற்கு-மேற்கு,Bombuwala South-West,728D
71,23,2647,1-3-27-115,115,බෝඹුවල දකුණ මධ්යම,பொம்புவள தெற்கு-மத்திய,Bombuwala South-Central,728
71,24,2648,1-3-27-120,120,බෝඹ්වල දකුණ නැගෙනහිර,பொம்புவள தெற்கு-கிழக்கு,Bombuwala South-East,728E
71,25,2649,1-3-27-125,125,තුඩුගල නැගෙනහිර,துடுகள கிழக்கு,Thudugala East,808A
71,26,2650,1-3-27-130,130,වෙල්ලත,வெல்லத,Wellatha,807D
71,27,2651,1-3-27-135,135,ඉහළ නෑබඩ,இஹல நேபட,Ihala Nebada,807A
71,28,2652,1-3-27-140,140,වත්තෙහේන,வத்தெஹேண,Wattahena,807E
71,29,2653,1-3-27-145,145,නෑහින්න,நேஹிண்ண,Nehinna,801
71,30,2654,1-3-27-150,150,වඩුගම,வடுகம,Wadugama,801A
71,31,2655,1-3-27-155,155,තුඩුගලබටහිර,துடுகள மேற்கு,Thudugala West,808
71,32,2656,1-3-27-160,160,නැගෙනහිර දොඩන්ගොඩ උතුර,தொடங்கொட கிழக்கு-வடக்கு,Dodangoda East-North,800H
71,33,2657,1-3-27-165,165,බටහිර දොඩන්ගොඩ උතුර,தொடங்கொட மேற்கு-வடக்கு,Dodangoda West-North,800D
71,34,2658,1-3-27-170,170,බටහිර දොඩන්ගොඩ වයඹ,தொடங்கொட மேற்கு-வடமேற்கு,Dodangoda West-North West,800F
71,35,2659,1-3-27-175,175,දොඩන්ගොඩ බටහිර,தொடங்கொட மேற்கு,Dodangoda West,800
71,36,2660,1-3-27-180,180,බටහිර දොඩන්ගොඩ මධ්යම,தொடங்கொட மேற்கு-மத்திய,Dodangoda West-Central,800E
71,37,2661,1-3-27-185,185,බටහිර දොඩන්ගොඩ දකුණ,தொடங்கொட மேற்கு-தெற்கு,Dodangoda West-South,800C
71,38,2662,1-3-27-190,190,නැගෙනහිර දොඩන්ගොඩදකුණ,தொடங்கொட கிழக்கு-தெற்கு,Dodangoda East-South,800G
71,39,2663,1-3-27-195,195,සපුගහවත්ත,சப்புகஹவத்த,Sapugahawatta,800B
71,40,2664,1-3-27-200,200,පුහාඹුගොඩ නැගෙනහිර,புஹாபுகொட கிழக்கு,Puhambugoda East,799
71,41,2665,1-3-27-205,205,දොඩන්ගොඩනැගෙනහිර,தொடங்கொட கிழக்கு,Dodangoda East,800A
71,42,2666,1-3-27-210,210,නැගෙනහිර දොඩන්ගොඩමධ්යම,தொடங்கொட கிழக்கு-மத்திய,Dodangoda East-Central,800I
71,43,2667,1-3-27-215,215,පුහාඹුගොඩ බටහිර,புஹாபுகொட மேற்கு,Puhambugoda West,799C
71,44,2668,1-3-27-220,220,ඇලදූව,எலதூவ,Eladuuwa,799A
71,45,2669,1-3-27-225,225,ගල්පොත්තාවිල,கல்பொத்தவில,Galpottavila,799B
72,1,2670,1-3-30-005,005,ඉද්දගොඩ බටහිර,இத்தகொட மேற்கு,Iddagoda West,806A
72,2,2671,1-3-30-010,010,ඉද්දගොඩ නැගෙනහිර,இத்தகொட கிழக்கு,Iddagoda East,806
72,3,2672,1-3-30-015,015,හිරිකැටිය,ஹிரிகட்டிய,Hirikatiya,806B
72,4,2673,1-3-30-020,020,පාන්තිය,பாண்திய,Panthiya,804
72,5,2674,1-3-30-025,025,වැලිමානාන,வெலிமாண்ண,Welimanana,804A
72,6,2675,1-3-30-030,030,බෝපිටිය නැගෙනහිර,போபிட்டிய கிழக்கு,Bopitiya East,802
72,7,2676,1-3-30-035,035,යට්ටෝවිට,யட்டோவிட,Yattovita,805E
72,8,2677,1-3-30-040,040,මතුගම බටහිර,மத்துகம மேற்கு,Mathugama West,805A
72,9,2678,1-3-30-045,045,මතුගම උතුර,மத்துகம வடக்கு,Mathugama North,805B
72,10,2679,1-3-30-050,050,ගුරුදොල,குருதொல,Gurudola,806C
72,11,2680,1-3-30-055,055,වෑත්තෑව,வெத்தேவ,Wettewa,805D
72,12,2681,1-3-30-060,060,මතුගම නැගෙනහිර,மத்துகம கிழக்கு,Mathugama East,805
72,13,2682,1-3-30-065,065,මතුගම දකුණ,மத்துகம தெற்கு,Mathugama South,805C
72,14,2683,1-3-30-070,070,නාරවිල,நராவில,Naravila,803
72,15,2684,1-3-30-075,075,බෝපිටිය බටහිර,போபிட்டிய மேற்கு,Bopitiya West,802A
72,16,2685,1-3-30-080,080,දීයගල,தியகல,Deeyagala,802C
72,17,2686,1-3-30-085,085,තඹරැටිය,தம்பருடிய,Thambaretiya,802E
72,18,2687,1-3-30-090,090,යටදොළවත්ත නැගෙනහිර,யட்டதொலவத்த கிழக்கு,Yatadolawatta East,802D
72,19,2688,1-3-30-095,095,යටදොළවත්ත බටහිර,யட்டதொலவத்த கிழக்கு,Yatadolawatta West,802B
72,20,2689,1-3-30-100,100,අලුත්ගම්ගොඩ,அளுத்கம்கொட,Aluthgamgoda,796A
72,21,2690,1-3-30-105,105,නවුත්තුඩුව,நாவுத்துடுவ,Navuttuduwa,796
72,22,2691,1-3-30-110,110,කීරන්තිඩිය,கீரந்திடிய,Keeranthidiya,797
72,23,2692,1-3-30-115,115,පුස්සලමුල්ල,புஸ்ஸலமுல்ல,Pussalamulla,797A
72,24,2693,1-3-30-120,120,කොලැහැකඩ,கொலெஹெகட,Kolehekada,798A
72,25,2694,1-3-30-125,125,කොටගෙදර,கொடகெதர,Kotagedara,798
72,26,2695,1-3-30-130,130,හේනෙගම,ஹேணெகம,Henegama,803A
72,27,2696,1-3-30-135,135,බදුගම,பதுகம,Badugama,795A
72,28,2697,1-3-30-140,140,ඕවිටිගල,ஓவிட்டிகல,Ovitigala,795
72,29,2698,1-3-30-145,145,සඳසිරිගම,சந்தஸ்ரீகம,Sandasirigama,795B
72,30,2699,1-3-30-150,150,බදුගම නව ජනපදය,பதுகம புதுக் குடியிருப்பு,Badugama New Colony,795C
72,31,2700,1-3-30-155,155,හොරවල නැගෙනහිර,ஹொரவள கிழக்கு,Horawala East,794B
72,32,2701,1-3-30-160,160,හොරවල උතුර,ஹொரவள வடக்கு,Horawala North,794A
72,33,2702,1-3-30-165,165,හොරවල,ஹொரவல,Horawala,794
72,34,2703,1-3-30-170,170,හොරවල බටහිර,ஹொரவள மேற்கு,Horawala West,794C
72,35,2704,1-3-30-175,175,වැලිපැන්න නැගෙනහිර-දකුණ,வெலிபெண்ண கிழக்கு-தெற்கு,Welipenna East-South,793A
72,36,2705,1-3-30-180,180,වැලිපැන්න බටහිර,வெலிபென்ன மேற்கு,Welipenna West,793
72,37,2706,1-3-30-185,185,වැලිපැන්න නැගෙනහිර-උතුර,வெலிபெண்ண கிழக்கு-வடக்கு,Welipenna East-North,793B
72,38,2707,1-3-30-190,190,දිප්පිට,திப்பிட,Dippita,793C
72,39,2708,1-3-30-195,195,ලෙව්වන්දූව උතුර,லெவ்வந்துவவடக்கு,Lewwanduwa North,792B
72,40,2709,1-3-30-200,200,හේන්පිට,ஹேண்பிட்ட,Henpita,774B
72,41,2710,1-3-30-205,205,ගල්මත්ත,கல்மத்த,Galmatta,774A
72,42,2711,1-3-30-210,210,වලගෙදර උතුර,வலகெதர வடக்கு,Walagedara North,774
72,43,2712,1-3-30-215,215,වරකාතොල්ල,வரகாதொல்ல,Warakatholla,772A
72,44,2713,1-3-30-220,220,නුගගහලන්ද,நுககஹலந்த,Nugagahalanda,772B
72,45,2714,1-3-30-225,225,කැප්පෙටිගහලන්ද,கெப்பிட்டியகஹலந்த,Keppetigahalanda,771A
72,46,2715,1-3-30-230,230,බොන්දුපිටිය,பொந்துபிட்டிய,Bondupitiya,771
72,47,2716,1-3-30-235,235,ආඳාවල,ஆந்தவல,Andawala,776
72,48,2717,1-3-30-240,240,තල්ගස්ගොඩ,தல்கஸ்கொட,Thalgasgoda,771B
72,49,2718,1-3-30-245,245,ඉඳිගස්තුඩුව,இதிகஸ்துடுவ,Indigasthuduwa,772
72,50,2719,1-3-30-250,250,ලද්දූව,லத்தூவ,Ladduwa,776A
72,51,2720,1-3-30-255,255,මීගම,மீகம,Meegama,775
72,52,2721,1-3-30-260,260,දේවගොඩ,தேவகொட,Dewagoda,775A
72,53,2722,1-3-30-265,265,වලගෙදර දකුණ,வலகெதர தெற்கு,Walagedara South,773A
72,54,2723,1-3-30-270,270,කුරුදිප්පිට,குருதிப்பிட,Kurudippita,773
72,55,2724,1-3-30-275,275,ලෙව්වන්දූව බටහිර,லெவ்வந்துவ மேற்கு,Lewwanduwa West,792A
72,56,2725,1-3-30-280,280,ලෙව්වන්දූව නැගෙනහිර,லெவ்வந்துவ கிழக்கு,Lewwanduwa East,792
72,57,2726,1-3-30-285,285,මඩවල,மடவல,Madawala,793D
73,1,2727,1-3-33-005,005,ගිරිකොළ,கிரிகொல,Girikola,827A
73,2,2728,1-3-33-010,010,පිඹුර,பிம்புர,Pimbura,827
73,3,2729,1-3-33-015,015,ඕමත්ත,ஓமத்த,Omatta,826
73,4,2730,1-3-33-020,020,ඕමත්ත නැගෙනහිර,ஓமத்த கிழக்கு,Omatta East,826B
73,5,2731,1-3-33-025,025,ඇවරිවත්ත,எவரிவத்த,Evariwatta,826A
73,6,2732,1-3-33-030,030,කැකුලන්දල දකුණ,கெக்குலந்த தெற்கு,Kekulandala South,829B
73,7,2733,1-3-33-035,035,හල්ඕවිට,ஹல்ஓவிட்ட,Halovita,827B
73,8,2734,1-3-33-040,040,උඩවෙල,உடவெல,Udawela,828
73,9,2735,1-3-33-045,045,හෑළඹ,ஹெலம்ப,Helamba,828A
73,10,2736,1-3-33-050,050,යටියන බටහිර,யட்டியண மேற்கு,Yatiyana West,830B
73,11,2737,1-3-33-055,055,ගොරොක්ගොඩ,கொரொக்கொட,Gorokgoda,828B
73,12,2738,1-3-33-060,060,බේරගම,பேரகம,Beragama,829C
73,13,2739,1-3-33-065,065,අගලවත්ත,அகலவத்தை,Agalawatta,829
73,14,2740,1-3-33-070,070,කැකුලන්දල උතුර,கெக்குலந்த வடக்கு,Kekulalandala North,829A
73,15,2741,1-3-33-075,075,දාපිලිගොඩ,தாபிலிகொட,Dapiligoda,831
73,16,2742,1-3-33-080,080,වඳුරබ්බ,வதுரப்ப,Wandurabba,830
73,17,2743,1-3-33-085,085,යටියන නැගෙනහිර,யட்டியண கிழக்கு,Yatiyana East,830A
73,18,2744,1-3-33-090,090,පින්නගොඩ,பின்னகொட,Pinnagoda,832
73,19,2745,1-3-33-095,095,බෝධියකන්ද,போதியகந்த,Bodhiyakanda,830C
73,20,2746,1-3-33-100,100,මුලටියන,முலட்டியண,Mulatiyana,832A
73,21,2747,1-3-33-105,105,රිදීරේඛාගම,ரிதிரேக்காகம,Ridirekhagama,832B
73,22,2748,1-3-33-110,110,කිතුල්ගොඩ,கித்துள்கொட,Kithulgoda,833
73,23,2749,1-3-33-115,115,කිතුල්ගොඩ දකුණ,கித்துள்கொட தெற்கு,Kithulgoda South,833A
73,24,2750,1-3-33-120,120,කුඩා කළුපහන,குடா களுபஹண,Kuda Kalupahana,847A
73,25,2751,1-3-33-125,125,මහ කළුපහන,களுபஹண,Maha Kalupahana,847
73,26,2752,1-3-33-130,130,කෙවිටියගල උතුර,கெவிட்டியாகல வடக்கு,Kevitiyagala North,846B
73,27,2753,1-3-33-135,135,දියපත්තුගම,தியபத்துகம,Diyapattugama,846A
73,28,2754,1-3-33-140,140,කුරුපිට,குருபிட்ட,Kurupita,845
73,29,2755,1-3-33-145,145,හරන්කහපත,ஹரங்கஹபாத,Harankahapatha,845A
73,30,2756,1-3-33-150,150,කෙවිටියගල,கெவிட்டியாகல,Kevitiyagala,846
73,31,2757,1-3-33-155,155,පොල්ගම්පල,பொல்கம்பல,Polgampala,844D
73,32,2758,1-3-33-160,160,පොල්ගම්පල නැගෙනහිර,பொல்கம்பல கிழக்கு,Polgampala East,844C
73,33,2759,1-3-33-165,165,රත්මලේ නැගෙනහිර,ரத்மலே கிழக்கு,Rathmale East,844B
73,34,2760,1-3-33-170,170,රත්මලේ,ரத்மலே,Rathmale,844
74,1,2761,1-3-36-005,005,කොස්ගුලන,கொஸ்குளாண,Kosgulana,836L
74,2,2762,1-3-36-010,010,කෙලින්කන්ද,கெலிண்கந்த,Kelinkanda,836B
74,3,2763,1-3-36-015,015,කෙලින්කන්ද ජනපදය,கெலிண்கந்த கொலணி,Kelinkanda Colony,836I
74,4,2764,1-3-36-020,020,වලකඩ,வளகட,Walakada,836K
74,5,2765,1-3-36-025,025,කපුගෙදර,கபுகெதர,Kapugedara,836C
74,6,2766,1-3-36-030,030,ගලහිටිය,களஹிடிய,Galahitiya,836F
74,7,2767,1-3-36-035,035,ඉලුක්පත,இலுக்பத,Ilukpatha,835A
74,8,2768,1-3-36-040,040,පැලෑඳ බටහිර,பெலெந்த மேற்கு,Pelenda West,836E
74,9,2769,1-3-36-045,045,පැලෑඳ,பெலெந்த,Pelenda,836
74,10,2770,1-3-36-050,050,බාම්පාර,பாம்பார,Bampara,836J
74,11,2771,1-3-36-055,055,අඹේගොඩ,அம்பேகொட,Ambegoda,836M
74,12,2772,1-3-36-060,060,මොරපිටිය උතුර,மோரபிடிய வடக்கு,Morapitiya North,836H
74,13,2773,1-3-36-065,065,මොරපිටිය,மோரபிடிய,Morapitiya,836A
74,14,2774,1-3-36-070,070,මිදලන බටහිර,மிதலாணமேற்கு,Midalana West,837A
74,15,2775,1-3-36-075,075,මාරගහදෙණිය,மாரகஹதெணிய,Maragahadeniya,835C
74,16,2776,1-3-36-080,080,ලත්පඳුර නැගෙනහිර,லத்பந்துர கிழக்கு,Lathpandura East,835B
74,17,2777,1-3-36-085,085,බෙල්ලනනැගෙනහිර,பெல்லண கிழக்கு,Bellana East,834A
74,18,2778,1-3-36-090,090,විහාරගම,விஹாரகம,Viharagama,834C
74,19,2779,1-3-36-095,095,කපුගම,கபுகம,Kapugama,834B
74,20,2780,1-3-36-100,100,බෙල්ලන,பெல்லண,Bellana,834
74,21,2781,1-3-36-105,105,යකුපිටිය,யகுபிடிய,Yakupitiya,834D
74,22,2782,1-3-36-110,110,ලත්පඳුර,லத்பந்துர,Lathpandura,835
74,23,2783,1-3-36-115,115,කඹුරාවල,கம்புராவள,Kamburawala,839B
74,24,2784,1-3-36-120,120,බදුරලිය,பதுரெளிய,Baduraliya,839
74,25,2785,1-3-36-125,125,දිග්ගොඩ,திக்கொட,Diggoda,839C
74,26,2786,1-3-36-130,130,මිදලන,மிதலாண,Midalana,837
74,27,2787,1-3-36-135,135,මොරපිටිය දකුණ,மோரபிடிய தெற்கு,Morapitiya South,836G
74,28,2788,1-3-36-140,140,අත්වැල්තොට,அத்வெல்தொட,Athwelthota,836D
74,29,2789,1-3-36-145,145,දිගන්න,திகண்ண,Diganna,836N
74,30,2790,1-3-36-150,150,බටහේන,படஹேண,Batahena,838A
74,31,2791,1-3-36-155,155,හැඩිගල්ල,ஹெடிகல்ல,Hedigalla,838
74,32,2792,1-3-36-160,160,මගුර නැගෙනහිර,மகுர கிழக்கு,Magura East,839D
74,33,2793,1-3-36-165,165,මගුර බටහිර,மகுர மேற்கு,Magura West,839A
74,34,2794,1-3-36-170,170,අද්දරගොඩ,அத்தரகொட,Addaragoda,840B
74,35,2795,1-3-36-175,175,පැණිගල,பெணிகள,Penigala,840A
74,36,2796,1-3-36-180,180,කළුගල,களுகள,Kalugala,840
74,37,2797,1-3-36-185,185,අතලේ,அதலே,Athale,841
74,38,2798,1-3-36-190,190,ඉඟුරුදළුව,இங்குருதளுவ,Ingurudaluwa,841A
74,39,2799,1-3-36-195,195,බොල්ලුන්න,பொள்ளுண்ண,Bollunna,841C
74,40,2800,1-3-36-200,200,කළුකන්දාව,களுகந்தவள,Kalukandawala,842B
74,41,2801,1-3-36-205,205,බටගොඩවිල,படகொடவில,Batagodavila,841B
74,42,2802,1-3-36-210,210,බොරළුගොඩ,போரளுகொட,Boralugoda,842
74,43,2803,1-3-36-215,215,තිනියාවල,திணியவள,Thiniyawala,842A
75,1,2804,1-3-39-005,005,පන්නිල දකුණ,பன்னில தெற்கு,Pannila South,791A
75,2,2805,1-3-39-010,010,පන්නිල නැගෙනහිර,பண்ணில கிழக்கு,Pannila East,791B
75,3,2806,1-3-39-015,015,ඌරගොඩ බටහිර,ஊராகொட மேற்கு,Uragoda West,790B
75,4,2807,1-3-39-020,020,ඌරගොඩ නැගෙනහිර,ஊராகொட கிழக்கு,Uragoda East,790
75,5,2808,1-3-39-025,025,ලිහිණියාව බටහිර,லிஹிணியாவமேற்கு,Lihiniyawa West,848B
75,6,2809,1-3-39-030,030,ලිහිණියාව නැගෙනහිර,லிஹிணியாவ கிழக்கு,Lihiniyawa East,848A
75,7,2810,1-3-39-035,035,මොරගල,மோரகல,Moragala,848
75,8,2811,1-3-39-040,040,මීගහතැන්න,மீகஹதெண்ண,Meegahathenna,849
75,9,2812,1-3-39-045,045,මල්වච්චිගොඩ/ ගඟබඩ,மல்லவச்சிகொட கங்கபட,Malwachchigoda Gangabada,849C
75,10,2813,1-3-39-050,050,බෝතලාව,போதலாவ,Bothalawa,844A
75,11,2814,1-3-39-055,055,කුම්බදූව,கும்பதூவ,Kumbadoowa,849E
75,12,2815,1-3-39-060,060,මද්දෙගම,மெத்தெகம,Maddegama,849A
75,13,2816,1-3-39-065,065,බෝගොඩ කන්ද,போகொடகந்த,Bogodakanda,849D
75,14,2817,1-3-39-070,070,හල්වලකැලේ මල්වතුකන්ද,ஹல்வளகெலே மல்வத்துகந்த,Halwalakele Malwathukanda,848C
75,15,2818,1-3-39-075,075,උතුම්ගම,உதும்கம,Uthumgama,790A
75,16,2819,1-3-39-080,080,කුඩා මතුගම,குடா மத்துகம,Kuda Mathugama,781
75,17,2820,1-3-39-085,085,පරෙයිගම උතුර,பாறைகம வடக்கு,Pareigama North,782
75,18,2821,1-3-39-090,090,හල්වල,ஹல்வள,Halwala,779
75,19,2822,1-3-39-095,095,පන්නිල,பண்ணில,Pannila,791
75,20,2823,1-3-39-100,100,මිරිස්වත්ත,மிரிஸ்வத்த,Miriswatta,778A
75,21,2824,1-3-39-105,105,ඉත්තෑපාන උතුර,இத்தபாண வடக்கு,Iththapana North,778
75,22,2825,1-3-39-110,110,මාලඹේහේන,மாலம்பஹேண,Malambehena,777C
75,23,2826,1-3-39-115,115,ඉත්තෑපාන බටහිර,இத்தபாண மேற்கு,Iththapana West,777A
75,24,2827,1-3-39-120,120,ඉත්තෑපාන දකුණ,இத்தபாண தெற்கு,Iththapana South,777
75,25,2828,1-3-39-125,125,ඉත්තෑපාන නැගෙනහිර,இத்தபாண கிழக்கு,Iththapana East,777B
75,26,2829,1-3-39-130,130,ලුල්බද්දුව,லூல்பத்தூவ,Lulbadduwa,780
75,27,2830,1-3-39-135,135,පරෙයිගම දකුණ,பாறைகம தெற்கு,Pareigama South,782A
75,28,2831,1-3-39-140,140,ගුලවිට උතුර,குளவிடவடக்கு,Gulawita North,789
75,29,2832,1-3-39-145,145,වෙදවත්ත,வெதவத்த,Wedawatta,849B
75,30,2833,1-3-39-150,150,කටුකැලේ වැල්මීගොඩ,கடுகெலே வெல்மீகொட,Katukele Welmeegoda,844E
75,31,2834,1-3-39-155,155,රණේපුරගොඩ,ரணேபுராகொட,Ranepuragoda,843I
75,32,2835,1-3-39-160,160,මණ්ඩගල,மந்தகல,Mandagala,843C
75,33,2836,1-3-39-165,165,යට්ටපාත,யட்டபாத,Yattapatha,843B
75,34,2837,1-3-39-170,170,පහළ හෙවෙස්ස උතුර,பஹல ஹேவெஸ்ஸ வடக்கு,Pahala Hewessa North,843A
75,35,2838,1-3-39-175,175,පහළ හෙවෙස්ස දකුණ,பஹல ஹேவெஸ்ஸ தெற்கு,Pahala Hewessa South,843G
75,36,2839,1-3-39-180,180,පැලවත්ත නැගෙනහිර,பெலவத்த கிழக்கு,Pelawatta East,850B
75,37,2840,1-3-39-185,185,පැලවත්ත,பெலவத்த,Pelawatta,850
75,38,2841,1-3-39-190,190,පැලවත්ත බටහිර උතුර,பெலவத்த மேற்கு வடக்கு,Pelawatta West North,850D
75,39,2842,1-3-39-195,195,මාකලන්දාව,மாகலந்தாவ,Makalandawa,788
75,40,2843,1-3-39-200,200,මාකලන්දාව දකුණ,மாகலந்தாவ தெற்கு,Makalandawa South,788A
75,41,2844,1-3-39-205,205,ගුලවිට දකුණ,குலவிட தெற்கு,Gulavita South,789A
75,42,2845,1-3-39-210,210,උඩුගම,உடுகம,Udugama,786
75,43,2846,1-3-39-215,215,කරපාගල,கரப்பாகல,Karapagala,784
75,44,2847,1-3-39-220,220,ගම්මන නැගෙනහිර,கம்மாண கிழக்கு,Gammana East,783
75,45,2848,1-3-39-225,225,ගම්මන බටහිර,கம்மண மேற்கு,Gammana West,783A
75,46,2849,1-3-39-230,230,ගොරකදූව,கொரகாதூவ,Gorakaduwa,784A
75,47,2850,1-3-39-235,235,යගිරල,யாகிரல,Yagirala,785
75,48,2851,1-3-39-240,240,කටුදොර,கட்டுதொர,Katudora,787A
75,49,2852,1-3-39-245,245,මගුරුමස්විල,மகுருமஸ்வில,Magurumasvila,788B
75,50,2853,1-3-39-250,250,වලල්ලාවිට,வலல்லாவிட்ட கிழக்கு,Walallawita,787
75,51,2854,1-3-39-255,255,පැලවත්ත බටහිර දකුණ,பெலவத்த மேற்கு தெற்கு,Pelawatta West South,850E
75,52,2855,1-3-39-260,260,ගොරකදූව,கொரகாதூவ,Gorakadoowa,850C
75,53,2856,1-3-39-265,265,මිරිස්වත්ත,மிரிஸ்வத்த,Miriswatta,850A
75,54,2857,1-3-39-270,270,තුංදොළ,துண்தொல,Thundola,843E
75,55,2858,1-3-39-275,275,වීරකන්ද,வீரகந்த,Weerakanda,843F
75,56,2859,1-3-39-280,280,ගුලනවත්ත,குலணவத்த,Gulanawatta,843H
75,57,2860,1-3-39-285,285,කංකොටවත්ත,கங்கொடவத்த,Kankotawatta,843D
75,58,2861,1-3-39-290,290,ඉහළ හෙවෙස්ස,இஹல ஹேவெஸ்ஸ,Ihala Hewessa,843
75,59,2862,1-3-39-295,295,වලල්ලාවිට දකුණ,வலல்லாவிட்ட தெற்கு,Walallavita South,787B
75,60,2863,1-3-39-300,300,තොටහ,தொட்டகா,Thotaha,787C